TF,DF,Word
2,2,accret
2,2,testadmin
2,2,networktopolog
2,2,gossipinfo
2,2,checkdiskerror
2,2,void
2,2,compactionstat
2,2,widerow
2,2,restar
2,2,thrash
2,2,debugg
2,2,bytebufferutil
2,2,org.apache.hadoop..regionserver.hregionserv
2,2,credit
2,2,re-en
2,2,brought
2,2,total
2,2,ta_too_many_fetch_failur
2,2,accesscontrollerprotocol
2,2,warm
2,2,columnfamilyoutputformat
2,2,overrun
2,2,room
2,2,process.destroy
2,2,poolmap
2,2,hot
2,2,recogn
2,2,rebas
2,2,superus
2,2,wrong
2,2,mbean
2,2,composit
2,2,feedback
2,2,diagnos
2,2,columnfamilystor
2,2,num-map
2,2,fit
2,2,crea
2,2,safe
2,2,precommit
2,2,resum
2,2,contend
2,2,waitonallregionstoclos
2,2,testearlyleaderabandon
2,2,adapt
2,2,bookkeeperjournalmanag
2,2,utftyp
2,2,puzzl
2,2,system.nanotim
2,2,halfstorefileread
2,2,collationcontrol
2,2,totalorderpartition
2,2,compressor
2,2,compactiontask
2,2,symptom
2,2,c-client
2,2,keyword
2,2,provis
2,2,testheaps
2,2,brandon
2,2,transmit
2,2,usernam
2,2,broadcast
2,2,datat
2,2,notion
2,2,log.index
2,2,syntax
2,2,apach
2,2,expiringmap
2,2,rowrepairresolv
2,2,linuxcontainerexecutor
2,2,datatyp
2,2,mapoutput
2,2,awar
2,2,loadbalanc
2,2,inabl
2,2,applogaggreg
2,2,dynamicsnitch
2,2,roller
2,2,queryfilter.isrelev
2,2,unencrypt
2,2,excess
2,2,heirarchi
2,2,happenin
2,2,rbranson
2,2,recur
2,2,dont
2,2,basic
2,2,trunc
2,2,deterior
2,2,play
2,2,launcher
2,2,protobufutil
2,2,aim
2,2,checkandmut
2,2,amoun
2,2,networktopologystrategi
2,2,dynamicendpointsnitch
2,2,flushregion
2,2,sync-
2,2,wherebi
2,2,incrementcolumnvalu
2,2,laptop
2,2,shoud
2,2,org.apache.hadoop.mapred.ifileinputstream
2,2,assig
2,2,shadow
2,2,deprec
2,2,excerpt
2,2,inmemorymergedmapoutput
2,2,commitlogseg
2,2,grid
2,2,scenari
2,2,clien
2,2,simul
2,2,comment-
2,2,short-circuit
2,2,down
2,2,trun
2,2,postopendeploytask
2,2,flood
2,2,realiti
2,2,phoenix
2,2,logstream
2,2,stumbl
2,2,midst
2,2,decis
2,2,gossipstag
2,2,congest
2,2,adddependencyjar
2,2,writelock
2,2,dig
2,2,findmaxtransact
2,2,bake
2,2,bufcurr
2,2,repli
2,2,deriv
2,2,apache
2,2,integrationtestbulkload
2,2,uniqu
2,2,minimum
2,2,electingfollow
2,2,eventqueu
2,2,inmemorymapoutput
2,2,differenti
2,2,protobuf
2,2,threadpoolserv
2,2,suck
2,2,syncrequestprocessor
2,2,brain
2,2,cold
2,2,snippet
2,2,logsplit
2,2,dfsoutputstream.clos
2,2,viewf
2,2,leafqueu
2,2,individu
2,2,updatelock
2,2,dataxceiveserv
2,2,dataloss
2,2,tablenam
2,2,testdelayedrpc
2,2,runtime.getruntim
2,2,frequenc
2,2,encodin
2,2,oppos
2,2,friend
2,2,progr
2,2,column_metadata
2,2,sort/merg
2,2,posix
2,2,engin
2,2,destroy
2,2,allevi
2,2,drive
2,2,runtim
2,2,receiverespons
2,2,mslab
2,2,metaservershutdownhandl
2,2,stargat
2,2,fanout
2,2,testcas
2,2,label
2,2,yesterday
2,2,hregion.bulkloadhfil
2,2,yarn+mr
2,2,startcontain
2,2,anyon
2,2,nullpoint
2,2,jitter
2,2,runaway
2,2,delegationtoken
2,2,listen_address
2,2,trick
2,2,browsedirectory.jsp
2,2,confidenti
2,2,postpon
2,2,dtestbot
2,2,mapred-default.xml
2,2,scenerio
2,2,uptod
2,2,rangeslicecommand
2,2,timeuuid
2,2,patrick
2,2,cascad
2,2,hand-off
2,2,fulfil
2,2,image/edit
2,2,single-pass
2,2,keystor
2,2,cachin
2,2,roundrobinschedul
2,2,inspect
2,2,surviv
2,2,describeownership
2,2,area
2,2,eventhandl
2,2,buggi
2,2,stacktrac
2,2,co-ordin
2,2,numregion
2,2,shuffleprovid
2,2,hibern
2,2,architectur
2,2,poor
2,2,zkinterprocesslockbas
2,2,mast
2,2,forget
2,2,processfaileov
2,2,splitter
2,2,getsplit
2,2,processdeadserversandregionsintransit
2,2,ten
2,2,localclust
2,2,tickl
2,2,full
2,2,standard
2,2,regist
2,2,piggyback
2,2,morn
2,2,rhel
2,2,datastax
2,2,brisk
2,2,chararray
2,2,e.g
2,2,dorollback
2,2,prompt
2,2,uncheck
2,2,freshli
2,2,getmast
2,2,catalog
2,2,subsnitch
2,2,dmitriy
2,2,instea
2,2,relev
2,2,might
2,2,hregion.internalobtainrowlock
2,2,io.sort.factor
2,2,dfs.data.dir
2,2,troubleshoot
2,2,harm
2,2,outputstream
2,2,meta/root
2,2,columncount
2,2,safeti
2,2,foreground
2,2,murmur
2,2,thrown
2,2,htable.coprocessorexec
2,2,cfhistogram
2,2,agenteechain
2,2,lie
2,2,abstractcolumnfamilyinputformat
2,2,self
2,2,click
2,2,getaggregationtarget
2,2,counters.incrallcount
2,2,testthriftservercmdline.testrunthriftserv
2,2,deletedcolumn
2,2,packetrespond
2,2,stopcontain
2,2,jobinprogress
2,2,htableinterfac
2,2,getclasscontext
2,2,point-of-no-return
2,2,nativ
2,2,mapred-default
2,2,resubmiss
2,2,read/written
2,2,altern
2,2,informatio
2,2,reentrantreadwritelock
2,2,runner
2,2,preprequestprocessor
2,2,robin
2,2,nns/dns/client
2,2,zombi
2,2,mutaterowswithlock
2,2,wherein
2,2,robust
2,2,lib
2,2,explan
2,2,mergemanagerimpl
2,2,memstoreflush
2,2,datacentersyncwriteresponsehandl
2,2,tthreadpoolserv
2,2,acknowledg
2,2,concurrentmap
2,2,culprit
2,2,post-compact
2,2,substitut
2,2,prerequisit
2,2,meantim
2,2,subtract
2,2,impos
2,2,happ
2,2,meteredflush
2,2,driftx
2,2,regionserversnapshotmanag
2,2,impl
2,2,safemodemonitor
2,2,reconcili
2,2,chao
2,2,accumulo
2,2,phantom
2,2,stress.java
2,2,yang
2,2,regionplan
2,2,gigabyt
2,2,compressionmetadata
2,2,salesforc
2,2,fatal
2,2,raci
2,2,acid
2,2,percentil
2,2,tomston
2,2,respon
2,2,chann
2,2,getlocaldeletiontim
2,2,appli
2,2,getcachedloc
2,2,implic
2,2,inet
2,2,taskinprogress
2,2,testsplittransact
2,2,columnpaginationfilt
2,2,minidfsclust
2,2,didnt
2,2,malform
2,2,sit
2,2,storageproxy.java
2,2,keyvalueheap
2,2,tier
2,2,nm/rm
2,2,drop-behind
2,2,correspond
2,2,compressiontest
2,2,infrastructur
2,2,criterion
2,2,memstorescann
2,2,auth
2,2,trap
2,2,am.joinclust
2,2,subset
2,2,fseditlog
2,2,itsel
2,2,neededrepl
2,2,getvolumemap
2,2,rel
2,2,op=open
2,2,compression_paramet
2,2,thrift-
2,2,map-reduc
2,2,spill
2,2,region_mov
2,2,leve
2,2,prone
2,2,flume
2,2,nfsv
2,2,shortl
2,2,fork
2,2,misunderstand
2,2,replicationzookeep
2,2,checkmod
2,2,singl
2,2,readcallback
2,2,anyway
2,2,compactionexecutor
2,2,fuzzyrowfilt
2,2,system.exit
2,2,sendheartbeat
2,2,grab
2,2,mistak
2,2,misus
2,2,tend
2,2,email
2,2,stringbuild
2,2,immedi
2,2,cachewrit
2,2,virtual
2,2,align
2,2,bin/mapr
2,2,containermanag
2,2,cod
2,2,nightli
2,2,uuidgen
2,2,sooner
2,2,sortedmap
2,2,part-
2,2,testfileconcurrentread
2,2,tcp
2,2,priorit
2,2,writabl
2,2,clientscann
2,2,gmail.com
2,2,redesign
2,2,replicas/rack
2,2,tweak
2,2,re-wir
2,2,testiofenc
2,2,per-kv
2,2,optionaltask
2,2,handlestatenorm
2,2,testassignmentmanag
2,2,doesnt
2,2,perpetu
2,2,processor
2,2,properl
2,2,cowork
2,2,branc
2,2,type-convert
2,2,inlin
2,2,non-determin
2,2,followerhandl
2,2,servershutdown
2,2,mr-jobhistory-daemon.sh
2,2,multiput
2,2,outcal
2,2,filestreamtask
2,2,invari
3,2,spew
3,2,kill_contain
3,2,enabletablehandl
3,2,vmem
3,3,math
3,2,get_paged_slic
3,3,subtre
3,3,synchronis
3,2,get_indexed_slic
3,2,atmostonc
3,2,directdriv
3,2,rs_zk_region_open
3,2,datadir
3,2,java.lang.internalerror
3,3,hurt
3,3,taskattemptimpl
3,2,containerlauncherimpl
3,2,editlogtail
3,2,faulti
3,3,disappear
3,2,negoti
3,2,","
3,2,callqueu
3,2,alex
3,2,testreplication.queuefailov
3,2,zookeeperwatch
3,2,io.sort.mb
3,2,fuse_df
3,2,htable.clos
3,3,ineffici
3,2,sigkil
3,3,prefix_tre
3,2,agre
3,2,jobendnotifi
3,3,dwell
3,3,boostrap
3,2,recheck
3,3,mind
3,3,wipe
3,2,hfilereaderv
3,2,plenti
3,2,noclassdeffounderror
3,2,wildcard
3,2,mapred.local.dir
3,3,stackoverflowerror
3,3,reconstruct
3,3,op_invalid
3,2,reload
3,2,testsplittransactiononclust
3,2,inplac
3,2,browser
3,2,commitprocessor
3,2,interest
3,3,htabledescriptor
3,3,serializingcach
3,3,taskheartbeathandl
3,2,ident
3,2,jobloc
3,3,occas
3,3,suggest
3,2,indexcach
3,3,ismarkedfordelet
3,3,keycach
3,3,detector
3,2,transmiss
3,3,convict
3,2,choke
3,3,algo
3,3,bound
3,3,analysi
3,3,recommend
3,2,trie
3,2,ship
3,2,requestspersecond
3,2,middl
3,2,iauthent
3,2,randompartition
3,2,regionst
3,3,job.jar
3,2,taskcontroller.cfg
3,3,treemap
3,2,mapred.job.track
3,3,regardless
3,2,countpendinghint
3,3,prefer
3,3,fake
3,3,marker
3,3,openregion
3,2,nettyservercnxn
3,3,repro
3,3,varint
3,2,hfilev
3,2,streamoutsess
3,2,consistencylevel
3,3,ttl
3,2,halt
3,3,term
3,2,channelprocessor
3,3,recompact
3,3,california
3,2,ecsnitch
3,3,addtoreplicasmap
3,3,regionsintransit
3,2,checker
3,3,averag
3,2,verifyandassignroot
3,2,byterangeinputstream
3,2,masterobserv
3,3,holder
3,2,filelink
3,3,follo
3,2,alot
3,2,softvaluesortedmap
3,3,sure
3,2,rack/dc
3,2,minimryarnclust
3,2,rpc-address
3,3,testdistributedlogsplit
3,2,transferfsimag
3,3,capacityschedul
3,2,dataxceiverserv
3,2,dfs.https.port
3,2,tthreadedselectorserv
3,3,emit
3,3,webapp
3,2,skew
3,3,followup
3,3,comment|http
3,2,messagingservice.java
3,3,decompress
3,2,footprint
3,2,clobber
3,3,param
3,2,startkey
3,3,pile
3,3,regio
3,3,fail_container_cleanup
3,2,fuse-df
3,2,deadserv
3,3,constitut
3,2,yarnchild
3,2,jute.maxbuff
3,3,stand
3,3,tokenmetadata
3,3,rowkey
3,3,onlineregion
3,3,regard
3,2,satur
3,3,todd
3,3,zkutil
3,2,drift
3,3,datatransferprotocol
3,3,testfsck
3,2,compactionmanag
3,2,cfrr
3,3,potenti
3,3,month
3,2,chooserandom
3,3,hashmap
3,3,re-elect
3,2,idempot
3,3,kannan
3,2,precompactedrow
3,2,valv
3,3,responseprocessor
3,2,jobtoken
3,2,decrement
3,3,minor
3,3,flap
3,3,aris
3,2,system.p
3,3,thriftserv
3,3,regener
3,2,resultset
3,2,minizookeeperclust
3,3,parti
3,2,propertyfilesnitch
3,3,datastorag
3,2,diskfailov
3,2,headroom
3,2,ifil
3,2,loadbal
3,2,editlogfileoutputstream.clos
3,2,payload
3,3,committ
3,2,openedregionhandl
3,3,guess
3,3,grace
3,2,remot
3,3,testmasterfailov
3,3,express
3,3,stc
3,3,common
3,3,rolleditlog
3,2,get_range_slic
3,3,dsnitch
3,2,fsshell
3,3,disallow
3,2,openregionhandl
3,3,learner.java
3,3,bloc
3,3,datatre
3,2,scanneropen
3,2,socketcach
3,2,testdatadrivendbinputformat
3,3,clientcnxnsocketnio
3,2,taskimpl
3,2,bufferedrandomaccessfil
3,2,table.appli
3,3,messagingservic
3,3,snappi
3,2,localcontaineralloc
3,3,slicerang
3,2,taskrunn
3,2,princip
3,3,doio
3,2,crar
3,2,constraint
3,3,reappear
3,2,idl
3,2,doubl
3,2,visit
3,2,snapshotmanag
3,2,accesscontrolservic
3,2,atomicsortedcolumn
3,2,fsdatainputstream
3,2,concaten
3,3,uber
3,3,getdelegationtoken
3,2,rackresolv
3,2,copyt
3,3,re-start
3,2,zoo_add_auth
3,3,failed_open
3,3,failuredetector
3,3,regionscann
3,2,tablerecordread
3,3,focu
3,3,hregionthriftserv
3,2,regionload
3,3,hfilesystem
3,2,opcod
3,3,newlead
3,3,visibilitycontrol
3,3,annoy
3,2,leveledcompactiontask
3,2,fsnamesystem.startfileintern
3,2,bytebloomfilt
3,2,subdirectori
3,2,linerecordread
3,3,hintedhandoffmanag
3,2,element
3,2,rowcol
3,3,combinefileinputformat.getsplit
3,3,unregist
3,2,truth
3,2,strip
3,2,presplit
3,3,ifileinputstream
3,2,stub
3,2,randomaccessfil
3,2,cleanerchor
3,3,afterward
3,3,distinguish
3,2,fsutils.getrootdir
3,2,splitregionhandl
3,3,jobid
3,2,atim
3,3,mix
3,3,courtesi
3,2,fsinputcheck
3,2,rollsiz
3,2,uri
3,2,setter
3,2,imperson
3,3,organ
3,2,bisect
3,3,conform
3,3,frame
3,3,datatrack
3,2,nosuchmethoderror
3,2,syncer
3,2,cfdef
3,2,rs_zk_region_split
3,2,cursor
3,3,layer
3,2,getfacl
3,2,slaballoc
3,2,explicitcolumntrack
3,3,rpc_timeout
3,3,decoupl
3,2,expand
3,2,opening/clos
3,2,sizeti
3,2,htable.get
3,3,learner
3,2,ecmultiregionsnitch
3,2,password
3,2,retransmit
3,3,fsutil
3,2,combinefilerecordread
3,2,verifyrootregionloc
3,3,expiri
3,2,linger
3,2,ingest
3,2,exportsnapshot
3,2,commutativerowindex
3,2,guard
3,3,int
4,3,sequenceid
4,2,hide
4,2,hregionpartition
4,4,countercolumn
4,4,quot
4,3,revisit
4,2,ancestor
4,2,tableoutputformat
4,3,bytestyp
4,3,instruct
4,3,dfsclient.clos
4,2,mlock
4,3,genstamp
4,4,mine
4,4,dfs.name.dir
4,4,speedup
4,3,bail
4,4,layout
4,3,safe-mod
4,3,testfileappend
4,3,datatransf
4,4,spin
4,3,leveledmanifest
4,3,calculatependingrang
4,4,complex
4,4,thu
4,4,specif
4,4,right
4,4,yarn-site.xml
4,4,stuck
4,3,head
4,4,leveledcompact
4,4,trip
4,2,dynamiccompositetyp
4,3,taskjvm.sh
4,4,flusher
4,4,intent
4,3,outdat
4,4,backward
4,3,chain
4,4,leftov
4,3,simplestrategi
4,3,getlock
4,4,wordcount
4,3,modul
4,3,checkleas
4,4,examin
4,3,effort
4,3,fragment
4,3,recycl
4,4,till
4,4,pending_open
4,3,uncach
4,3,re-assign
4,4,introduct
4,2,hardlink
4,4,namenod
4,3,xceiver
4,4,wal
4,4,theori
4,3,tasklaunch
4,3,acquisit
4,3,multipleoutput
4,4,cope
4,3,orphan
4,3,defaultcontainerexecutor
4,4,wonder
4,4,normal
4,3,ratio
4,3,fenc
4,4,mail.gmail.com
4,4,reveal
4,2,import
4,2,filejournalmanag
4,3,re-regist
4,3,multiplex
4,4,get_slic
4,2,openfilectx
4,4,getlist
4,3,servermanag
4,2,whitespac
4,2,intervaltre
4,3,arraybackedsortedcolumn
4,3,inputsplit
4,4,keytab
4,4,confirm
4,4,clust
4,3,seqid
4,2,decoratedkey
4,4,proport
4,2,jobclient.getmaptaskreport
4,3,preemption
4,2,--
4,2,application_init
4,3,describe_r
4,4,desir
4,3,abandon
4,2,newlin
4,3,short
4,3,incomingtcpconnect
4,3,bulkrecordwrit
4,3,readahead
4,4,segfault
4,3,health
4,2,auxservic
4,3,compactselect
4,4,storm
4,3,hintscolumnfamili
4,4,grep
4,4,reportdiff
4,4,mainten
4,3,cfstore
4,4,performanc
4,3,pread
4,4,multi-thread
4,3,fire
4,3,strategy_opt
4,3,signal
4,4,fs.default.nam
4,3,announc
4,3,rpc_address
4,3,supervisor
4,4,titl
4,4,job.xml
4,2,edg
4,4,storageservic
4,4,complic
4,4,impli
4,3,delegationtokenrenew
4,3,zkpython
4,4,boolean
4,4,trail
4,2,aggregationcli
4,3,hregioninfo
4,2,securecli
4,3,netcat
4,3,hftpfilesystem
4,4,timeou
4,4,w.r.t
4,4,facil
4,2,valuefilt
4,4,discrep
4,4,discov
4,3,fsdir
4,2,resubmit
4,4,endless
4,4,stuff
4,2,getfilechecksum
4,4,wire
4,4,datastream
4,2,plugin
4,3,grain
4,4,swallow
4,2,hprof
4,3,endkey
4,3,compositetyp
4,2,local_on
4,3,escapedcustomdf
4,3,expiringcolumn
4,3,lazilycompactedrow
4,2,munlock
4,2,webui
4,2,compactionrequest
4,4,resid
4,4,backlog
4,4,export
4,2,ballot
4,2,leaf
4,2,settl
4,4,own
4,4,datanod
4,4,unexpect
4,3,overflow
4,2,temp
4,2,testmrjob
4,3,writetow
4,2,mtime
4,4,futur
4,4,rememb
4,2,ghost
4,4,rule
5,5,spec
5,5,risk
5,5,downstream
5,4,leasemanag
5,3,perrowsecondaryindex
5,5,origin
5,5,privileg
5,4,promis
5,4,vote
5,4,render
5,5,primari
5,2,deletesnapshot
5,5,fashion
5,5,manner
5,5,flow
5,2,splitkey
5,4,braf
5,3,readpoint
5,5,system.log
5,4,importtsv
5,5,ownership
5,4,jobhistoryserv
5,3,decompressor
5,2,filestatu
5,5,java.lang.assertionerror
5,4,reducetask
5,3,integrationtestbiglinkedlist
5,5,behav
5,4,appmast
5,4,visual
5,3,chroot
5,5,dynam
5,3,op_add
5,5,perspect
5,4,factori
5,3,quorumcnxmanag
5,4,workaround
5,3,maximum-capac
5,4,repl
5,5,intermitt
5,5,review
5,3,httpserver
5,4,nameservic
5,4,rejoin
5,4,freez
5,5,definit
5,5,effici
5,5,waledit
5,5,fast
5,2,bundl
5,3,collis
5,2,chown
5,3,fs.defaultf
5,4,movement
5,4,sender
5,4,coverag
5,3,hregioninterfac
5,5,preempt
5,5,found
5,5,believ
5,5,basi
5,5,lifetim
5,5,major
5,5,feel
5,3,toward
5,2,firewal
5,4,rowmut
5,3,processioerror
5,5,conflict
5,2,fstime
5,3,hsync
5,5,back
5,3,tablelockmanag
5,3,region_mover.rb
5,5,properli
5,4,splittransact
5,3,txnlog
5,4,bpofferservic
5,4,runnabl
5,3,stochasticloadbalanc
5,5,convers
5,4,iauthor
5,4,simpler
5,2,tablemapreduceutil
5,2,taskattemptcontext
5,3,fallback
5,5,therefor
5,2,python
5,5,auto
5,5,mention
5,5,hardwar
5,5,shut
5,5,insid
5,3,fileoutputcommitt
5,5,min
5,3,subcolumn
5,4,filecontext
5,5,gather
5,4,redirect
5,4,hector
5,5,correctli
5,4,pattern
5,3,ramp
5,3,columnfamilyinputformat
5,4,hflush
5,5,incom
5,4,catalogjanitor
5,5,piec
5,3,cfmetadata
5,4,stagger
5,5,captur
5,5,dataset
5,4,memorychannel
5,4,rpcserver
5,5,troubl
5,4,mask
5,4,boot
5,4,servernam
5,5,ycsb
6,4,leaserenew
6,2,txn
6,5,completebulkload
6,5,shoot
6,6,mess
6,6,lar
6,5,fall
6,2,emul
6,4,bkjm
6,5,mini
6,5,removetoken
6,4,worker
6,5,sever
6,6,subclass
6,4,insecur
6,6,promot
6,5,maximum
6,4,hardcod
6,4,root/meta
6,6,jvm
6,4,brows
6,6,suspect
6,6,box
6,4,reclaim
6,3,leasecheck
6,6,perf
6,5,rmcontaineralloc
6,6,spot
6,4,predic
6,6,thank
6,3,upcal
6,4,rpcclient
6,6,long
6,5,pair
6,5,mttr
6,5,corner
6,4,bloomfilt
6,4,sidelin
6,6,jstack
6,6,someon
6,4,testingutil
6,3,saniti
6,5,integ
6,4,leadership
6,4,cacheadmin
6,6,logsync
6,3,clusterid
6,4,watcher
6,3,trash
6,4,program
6,6,hintedhandoff
6,5,asyncprocess
6,6,learn
6,3,hstore
6,5,callback
6,6,fsdirectori
6,4,indexsummari
6,4,disagr
6,3,outboundtcpconnect
6,3,ksdef
6,5,violat
6,4,internalreleaseleas
6,6,dtest
6,5,isol
6,6,closur
6,5,close_wait
6,6,durat
6,5,decor
6,4,decod
6,3,gc_grace
6,4,agreement
6,6,suit
6,5,dfsadmin
6,5,spool
6,6,leakag
6,4,get_count
6,6,bodi
6,4,executor
6,6,javadoc
6,4,booki
6,6,umbrella
6,5,standalon
6,3,elasticsearch
6,5,attack
6,4,completefil
6,2,sendthread
6,6,unwrap
7,4,bulkoutputformat
7,6,spike
7,6,hole
7,5,reopen
7,5,prefetch
7,7,wast
7,7,zero
7,7,contact
7,7,noformat
7,7,declar
7,6,emb
7,6,attribut
7,3,advertis
7,7,trust
7,7,accumul
7,7,tune
7,5,inherit
7,4,tableinputformat
7,7,spread
7,6,percentag
7,6,localhost
7,4,jobcontrol
7,7,and/or
7,4,pre-alloc
7,5,death
7,5,splitlog
7,6,fetcher
7,4,commitjob
7,3,hostid
7,6,concern
7,6,cycl
7,5,distributedlogreplay
7,7,achiev
7,7,broken
7,7,comparison
7,5,starv
7,4,candid
7,6,jobimpl
7,7,compactio
7,7,past
7,2,file*
7,7,overload
7,4,memstoret
7,6,lifecycle
7,6,framework
7,6,weight
7,3,choosetarget
7,6,hlogsplitt
7,7,part
7,4,cleaner
7,7,hit
7,5,stamp
7,6,kick
7,7,zoo.cfg
7,6,domin
7,3,zkcli
7,5,reserv
7,4,preput
7,5,visibl
7,7,atom
7,7,meet
7,5,hsha
7,4,webfilesystem
7,5,owner
7,4,licens
7,6,pipe
7,5,deni
7,4,clientcnxn
7,7,motiv
7,4,slave
7,5,bucketwrit
7,7,async
7,6,yarn-
7,6,gain
8,6,prefix
8,6,direct
8,7,init
8,5,cl.one
8,3,localjobrunn
8,7,timeoutmonitor
8,7,outag
8,7,consol
8,6,identifi
8,2,ldap
8,8,approach
8,7,extend
8,8,wish
8,7,spawn
8,8,deal
8,8,stall
8,7,tell
8,7,abstract
8,7,minim
8,6,paxo
8,8,first
8,8,infinit
8,5,decomiss
8,8,document
8,4,drain
8,6,mmap
8,8,leveledcompactionstrategi
8,8,benefit
8,6,inject
8,7,htablepool
8,5,neighbor
8,7,terasort
8,7,replicationmonitor
8,7,cours
8,8,reflect
8,8,differ
8,4,rumen
8,8,cover
8,5,classload
8,7,jenkin
8,5,testzookeep
8,8,manifest
8,6,durabl
8,7,hive
8,5,fadvis
8,5,hfileoutputformat
8,8,explain
8,5,app
8,7,fsdataset
8,5,quorump
8,8,page=com.atlassian.jira.plugin.system.issuetabpanel
8,8,manipul
8,8,focusedcommentid=
8,8,storageproxi
8,6,termin
8,5,filterlist
8,6,clash
8,8,face
8,6,threadpoolexecutor
8,5,jvmmanag
8,6,regionobserv
8,7,boundari
8,8,arriv
8,3,retir
8,4,checkandput
8,6,deliveri
9,8,elimin
9,6,unassign
9,5,uuid
9,9,better
9,9,confus
9,6,reseek
9,7,multithread
9,4,raid
9,8,preserv
9,9,satisfi
9,4,ping
9,9,purg
9,7,half
9,9,seri
9,6,rowlock
9,8,secondari
9,9,summari
9,7,evict
9,9,mount
9,8,splitlogwork
9,8,binari
9,5,columnfamilyrecordread
9,8,lack
9,8,util
9,8,replication_factor
9,8,free
9,6,hconnectionimplement
9,6,registr
9,7,namesystem
9,9,suffer
9,8,interact
9,6,dfsoutputstream
9,6,particip
9,8,devic
9,7,empti
9,6,grant
9,9,repres
9,8,librari
9,8,supercolumn
9,7,busi
9,9,mismatch
9,6,mkdir
9,8,read/writ
9,9,beat
9,5,dataxceiv
9,7,feder
9,7,discard
9,8,portion
10,7,bookkeep
10,9,sometim
10,6,task-control
10,8,databas
10,10,toler
10,9,hand
10,7,bandwidth
10,10,expos
10,9,hung
10,8,intern
10,9,miniclust
10,10,push
10,10,scope
10,8,prepar
10,9,goal
10,9,compil
10,8,forward
10,6,rotat
10,7,analyz
10,6,invoc
10,10,week
10,9,garbag
10,8,splitlogmanag
10,9,extract
10,10,descript
10,10,degrad
10,7,fals
10,10,pressur
10,9,clock
10,10,none
10,4,shard
10,8,alter
10,8,qualifi
10,10,construct
10,7,selector
10,8,accesscontrol
10,6,historyserv
10,10,resolv
10,8,caller
10,10,benchmark
10,8,zip
10,8,scalabl
10,8,tag
10,5,tokencach
10,10,forev
10,6,fsync
10,9,suppli
10,10,display
10,7,savenamespac
11,7,jobconf
11,11,overrid
11,11,maintain
11,9,partition
11,9,folder
11,9,fault
11,8,login
11,9,loader
11,8,diff
11,9,everyth
11,9,underli
11,11,forc
11,7,httpf
11,10,enhanc
11,11,product
11,8,clone
11,11,care
11,8,fairschedul
11,10,assumpt
11,6,loadincrementalhfil
11,10,advantag
11,9,destin
11,11,pick
11,3,ledger
11,9,procedur
11,7,jetti
11,11,induc
11,10,consumpt
11,8,exec
11,11,belong
11,10,misplac
11,8,jump
11,9,compat
11,10,map/reduc
11,8,enforc
11,9,jar
11,11,addit
11,10,archiv
11,7,classpath
11,10,cross
11,4,pariti
11,8,overlap
11,9,probabl
11,8,sasl
12,10,exclud
12,5,seed
12,11,simplifi
12,12,accord
12,12,scale
12,7,linuxtaskcontrol
12,8,jdbc
12,12,hundr
12,11,peopl
12,10,claus
12,12,practic
12,10,pointer
12,10,disconnect
12,9,cancel
12,10,capabl
12,11,model
12,11,modifi
12,7,bypass
12,11,kind
12,11,clear
12,9,link
12,12,bunch
12,7,placement
12,8,packet
12,12,obtain
12,8,journal
12,9,applicationmast
12,12,bug
13,10,sleep
13,13,correct
13,10,answer
13,13,figur
13,12,core
13,11,administr
13,10,oozi
13,8,epoch
13,9,codec
13,10,refresh
13,12,nullpointerexception
13,13,bottleneck
13,13,scheme
13,9,editlog
13,13,solv
13,10,cast
13,12,ensur
13,13,question
13,9,deseri
13,13,pleas
13,10,final
13,9,maptask
13,10,text
13,9,audit
13,12,like
13,13,anyth
13,9,offset
13,10,evalu
13,9,star
14,12,servlet
14,10,verif
14,12,digest
14,11,project
14,8,specul
14,11,avail
14,12,form
14,12,hconnect
14,13,develop
14,12,driver
14,11,deem
14,9,tail
14,10,proxi
14,11,stage
14,7,defect
14,13,travers
14,12,api
14,10,shufflehandl
14,9,download
14,12,descriptor
14,11,hudson
14,11,retriev
14,14,determin
14,11,json
14,13,treat
14,12,lose
14,9,revers
14,11,estim
14,13,stat
15,13,restrict
15,11,distributedfilesystem
15,11,heap
15,11,bytebuff
15,13,cost
15,13,semant
15,14,activ
15,12,invok
15,13,overwrit
15,12,mapr
15,14,print
15,9,circuit
15,13,mrappmast
15,13,htabl
15,11,storescann
15,12,propag
15,12,success
15,13,jobhistori
15,12,datacent
15,15,suppos
15,10,stag
16,14,upload
16,14,overhead
16,12,rewrit
16,6,mvcc
16,13,mapreduc
16,14,interv
16,15,post
16,9,encrypt
16,15,stress
16,15,revert
16,16,one
16,11,blacklist
16,15,kernel
16,11,dfsinputstream
16,13,resolut
16,16,possibl
16,12,adjust
16,14,experi
16,14,popul
16,15,linux
16,12,sampl
16,11,scrub
16,13,rollback
16,12,bulkload
16,15,onlin
16,14,day
16,11,reboot
16,15,integr
16,14,statu
17,9,combinefileinputformat
17,13,topolog
17,15,enter
17,17,0
17,14,dir
17,16,divid
17,15,backport
17,15,ensembl
17,13,power
17,16,hconnectionmanag
17,17,remain
17,16,complain
17,17,comput
17,17,impact
17,14,instanti
17,16,chanc
17,16,comment
17,15,rpc
18,14,credenti
18,14,wrap
18,17,instal
18,18,profil
18,6,world
18,16,pull
18,14,keyvalu
18,14,coordin
18,15,moment
18,16,columnfamili
18,17,sens
19,15,verifi
19,15,jobclient
19,17,background
19,18,coupl
19,17,outofmemori
19,13,cqlsh
19,16,assignmentmanag
19,16,plan
19,17,handoff
19,15,convert
19,12,gateway
19,13,prioriti
19,18,defin
19,14,center
19,17,exceed
20,20,affect
20,17,listen
20,20,produc
20,19,reli
20,14,compress
20,16,speed
20,16,lot
20,15,paramet
20,17,pars
20,15,invalid
20,16,chunk
20,20,fact
20,12,storefil
20,13,throttl
20,16,repeat
21,16,metadata
21,17,branch-
21,21,incorrect
21,15,hash
21,17,dump
21,19,algorithm
21,14,view
21,18,constructor
22,17,refactor
22,22,note
22,20,backup
22,22,ticket
22,17,action
22,18,pend
22,22,idea
22,21,choos
22,18,:
22,16,variabl
22,18,fill
22,17,paus
23,20,warn
23,15,daemon
23,17,depend
23,22,slow
23,16,touch
23,17,traffic
23,20,assertionerror
23,13,bucket
23,16,endpoint
23,20,reconnect
23,22,spend
23,18,yarn
24,15,distcp
24,21,respond
24,21,talk
24,22,refus
24,18,standbi
24,23,thousand
24,17,fsck
24,16,rate
24,19,hregion
24,23,solut
24,23,point
24,17,servershutdownhandl
24,13,cell
24,19,deploy
25,16,daughter
25,15,join
25,23,protect
25,20,flag
25,22,grow
25,21,place
25,14,acl
25,20,filechannel
25,21,notifi
25,19,header
25,20,strategi
25,14,segment
25,19,commitlog
25,25,investig
25,21,lookup
26,21,content
26,20,increment
26,23,reset
26,26,relat
26,17,combin
26,22,workload
26,19,deliv
26,25,inconsist
26,21,outofmemory
26,24,execut
26,18,slice
26,21,pass
26,13,zxid
26,12,gridmix
26,24,delay
26,18,member
26,24,effect
27,15,aggreg
27,25,rais
27,20,threshold
27,12,slot
27,24,sequenc
27,20,hregionserv
27,26,attach
27,18,local
28,24,restor
28,18,monitor
28,26,board
28,22,measur
28,20,tracker
28,28,decreas
28,23,field
28,16,snitch
28,19,consist
28,24,observ
28,13,symlink
29,25,random
29,23,conf
29,25,multipl
29,24,assert
29,27,stack
29,23,commun
29,22,releas
29,23,multi
30,23,tool
30,23,child
30,28,throughput
30,27,noth
30,28,ask
30,20,truncat
30,11,quota
30,19,bind
30,26,respect
31,29,save
31,24,inform
31,18,section
31,23,accept
31,25,reus
31,19,packag
31,25,memtabl
32,17,notif
32,27,parallel
32,23,persist
32,25,reader
32,29,iter
32,19,mapper
32,21,renam
32,29,design
32,23,search
32,32,encount
33,29,unit
33,29,fix
33,24,fsnamesystem
33,18,hook
33,24,tree
33,18,hftp
33,19,metric
33,23,submiss
33,28,transit
34,30,logic
34,20,bloom
34,33,serv
34,28,offlin
34,32,stick
34,27,script
34,34,step
34,19,rack
34,25,transport
35,26,encod
36,27,ring
36,35,involv
36,35,concurr
36,31,abil
36,29,factor
36,27,retain
37,33,debug
37,24,collector
37,31,minut
37,33,occur
37,25,polici
37,23,timestamp
37,28,compon
38,27,watch
38,35,period
38,37,amount
38,15,volum
38,29,shell
39,32,type
39,35,hold
39,31,shuffl
39,29,switch
39,35,finish
39,26,degre
39,33,reach
40,26,seek
40,31,zookeep
40,32,string
40,32,array
40,29,jobtrack
40,31,author
40,29,famili
40,32,select
40,29,heartbeat
40,32,translat
40,31,instanc
41,36,level
41,33,replac
41,38,begin
41,35,help
41,30,kerbero
41,38,match
42,36,regress
42,36,track
42,40,intend
42,38,consum
42,37,info
42,34,serial
42,30,charact
43,24,renew
43,27,decommiss
43,27,migrat
43,43,reason
43,34,collect
43,28,group
43,33,admin
44,26,namespac
44,32,latenc
44,40,featur
44,32,agent
44,29,map
44,40,mail
44,43,associ
44,34,quorum
45,31,peer
45,41,succeed
45,40,context
45,36,structur
46,32,memstor
46,29,deleg
46,34,length
46,36,bulk
47,45,hadoop-
47,45,thing
47,33,rest
47,34,cleanup
47,40,null
47,41,control
47,28,partit
47,44,loss
48,39,target
48,38,failov
48,40,format
48,43,branch
49,46,show
49,31,safemod
49,45,set
49,37,sort
50,44,environ
50,34,entri
50,46,java
50,27,elect
50,36,mutat
50,29,hostnam
50,45,detail
51,33,hbck
51,24,capac
51,29,tasktrack
51,46,share
51,41,distribut
51,39,input
51,40,valid
51,38,record
52,37,respons
52,42,handler
52,44,abort
52,33,pool
52,43,elaps
52,39,submit
52,35,compar
52,42,disabl
53,50,end
53,26,checksum
53,39,pipelin
53,36,writer
53,43,machin
54,53,notic
55,41,keyspac
55,40,properti
55,40,skip
55,51,specifi
56,52,setup
56,43,catch
56,33,tombston
56,36,schema
56,31,imag
56,45,stop
56,39,hbase
56,49,increas
57,47,side
57,57,discuss
57,56,reproduc
58,41,page
58,38,merg
59,45,phase
59,48,synchron
59,52,mark
60,46,root
60,54,trace
60,53,requir
60,39,parent
60,39,scanner
60,41,progress
60,46,trigger
61,50,interrupt
61,43,hmaster
61,36,bootstrap
61,51,refer
61,59,someth
61,56,exampl
61,42,host
62,56,network
62,61,situat
62,41,dfsclient
62,49,key
63,43,sync
63,51,launch
63,43,transfer
65,48,duplic
65,48,fetch
65,64,know
66,51,expir
66,59,build
66,45,append
66,35,leas
67,47,protocol
67,44,transact
67,63,introduc
67,46,thrift
67,50,hfile
67,56,keep
68,44,argument
69,64,subject
69,47,window
69,50,buffer
69,53,deadlock
69,64,understand
69,54,locat
70,53,calcul
70,61,clean
71,56,put
71,58,stay
72,46,histori
72,61,insert
73,62,initi
73,59,drop
73,50,authent
74,45,balanc
74,64,includ
75,44,permiss
75,61,optim
77,64,consequ
78,66,indic
78,67,ignor
80,50,schedul
80,65,shutdown
80,50,gossip
80,51,hlog
81,55,filter
82,81,expect
83,63,replay
83,48,hint
83,59,alloc
84,73,space
84,49,interface
85,71,second
85,43,fsimag
86,85,scenario
86,52,counter
86,56,filesystem
86,68,leak
87,68,manag
88,77,loop
88,83,jira
89,79,break
89,83,patch
89,46,coprocessor
91,67,upgrad
92,64,servic
92,84,appear
93,78,receiv
94,80,order
94,52,session
94,69,mode
95,89,prevent
95,79,option
96,92,mean
96,56,channel
96,67,version
96,66,scan
96,56,socket
97,81,provid
98,67,rang
98,75,corrupt
98,77,gener
98,87,base
98,76,queri
100,60,port
101,79,applic
101,76,crash
102,72,copi
102,54,checkpoint
103,73,object
105,66,byte
105,86,send
106,95,avoid
108,85,limit
109,87,startup
110,102,find
110,66,snapshot
110,49,leader
112,104,continu
112,71,meta
113,91,access
115,78,address
115,101,wait
116,88,exit
118,72,commit
119,104,trunk
120,90,kill
120,78,replic
122,89,job
124,99,complet
125,95,move
126,90,output
129,98,store
129,99,system
130,90,open
132,109,updat
134,101,hadoop
136,101,regionserv
141,104,path
141,85,queue
142,89,hdfs
142,113,command
144,98,count
145,130,assum
147,130,exist
150,139,follow
150,103,flush
157,157,current
160,118,batch
164,125,secur
166,111,timeout
167,123,disk
167,95,repair
168,152,add
171,137,condit
171,120,event
175,94,index
176,100,replica
178,158,result
178,100,sink
178,110,edit
181,142,number
182,129,messag
182,153,lead
183,157,miss
183,135,class
187,160,give
188,151,race
189,98,token
192,140,hang
193,119,stream
193,129,name
193,141,contain
194,136,size
195,165,implement
197,145,attempt
205,163,method
205,140,assign
205,175,allow
209,144,custom
211,187,improve
211,150,valu
213,159,list
216,163,request
217,166,default
219,161,user
225,185,perform
225,125,lock
236,180,remov
236,178,restart
239,150,split
240,190,support
240,171,load
241,149,stable
248,155,directori
248,217,function
249,164,reduc
250,180,close
252,163,tabl
253,210,handl
256,216,work
261,201,state
262,210,throw
265,237,detect
268,196,report
269,219,chang
278,241,code
280,248,happen
280,231,oper
281,189,sourc
286,183,delet
289,173,recov
292,222,failur
293,203,memori
297,264,problem
303,233,return
303,180,cache
317,237,check
320,203,master
324,217,connect
327,243,process
329,274,case
338,220,thread
351,289,error
360,195,task
363,209,compact
388,265,config
388,329,issu
400,291,write
403,290,read
438,343,start
457,376,test
538,373,server
547,410,creat
548,447,time
571,438,cluster
671,478,data
761,411,region
820,566,exception
965,569,file
992,745,fail
1064,476,block
2241,1147,node
